IdAreaSalut;Habitatges2018;Habitatges2019;Habitatges2020
ABS_01;12971;13169;13343
ABS_02;9657;9666;9981
ABS_03;10674;10696;10697
ABS_04;10702;10726;10730
ABS_05;8536;8683;8677
ABS_06;10265;10262;10396
ABS_07;8156;8160;8161
ABS_08;8661;8661;8664
ABS_09;11591;11590;11591
ABS_10;4204;4205;4211
ABS_11;3830;3925;3985
ABS_12;10082;10083;10083